{
	"partitions" : [
		{
			"name" : "Top",
			"pins" : [
				{
					"name" : "LEDR[0]",
					"strict" : false
				},
				{
					"name" : "LEDR[1]",
					"strict" : false
				},
				{
					"name" : "LEDR[2]",
					"strict" : false
				},
				{
					"name" : "LEDR[3]",
					"strict" : false
				},
				{
					"name" : "LEDR[4]",
					"strict" : false
				},
				{
					"name" : "LEDR[5]",
					"strict" : false
				},
				{
					"name" : "LEDR[6]",
					"strict" : false
				},
				{
					"name" : "LEDR[7]",
					"strict" : false
				},
				{
					"name" : "LEDR[8]",
					"strict" : false
				},
				{
					"name" : "LEDR[9]",
					"strict" : false
				},
				{
					"name" : "LEDR[10]",
					"strict" : false
				},
				{
					"name" : "selectSignal",
					"strict" : false
				},
				{
					"name" : "CLOCK_50",
					"strict" : false
				},
				{
					"name" : "KEY[0]",
					"strict" : false
				},
				{
					"name" : "up_z",
					"strict" : false
				},
				{
					"name" : "down_y",
					"strict" : false
				},
				{
					"name" : "left_x",
					"strict" : false
				},
				{
					"name" : "right",
					"strict" : false
				},
				{
					"name" : "a_b",
					"strict" : false
				},
				{
					"name" : "start_c",
					"strict" : false
				}
			]
		}
	]
}